DNA Change	Type	Consequences	# Affected Cases in Cohort	# Affected Cases Across the GDC	Impact	Survival
chr7:g.140753336A>T	Substitution	Missense BRAF V640E	156 / 259,60.23%	619 / 14,783	VEP: MODERATE, SIFT: deleterious - score 0, PolyPhen: probably_damaging - score 0.955	add to survival plot
chr7:g.140753337C>T	Substitution	Missense BRAF V640M	25 / 259,9.65%	39 / 14,783	VEP: MODERATE, SIFT: deleterious - score 0, PolyPhen: possibly_damaging - score 0.737	add to survival plot
chr7:g.140753334T>C	Substitution	Missense BRAF K641E	5 / 259,1.93%	15 / 14,783	VEP: MODERATE, SIFT: deleterious - score 0, PolyPhen: possibly_damaging - score 0.502	add to survival plot
chr7:g.140781611C>T	Substitution	Missense BRAF G506E	4 / 259,1.54%	11 / 14,783	VEP: MODERATE, SIFT: deleterious - score 0, PolyPhen: probably_damaging - score 0.955	add to survival plot
chr7:g.140781608G>A	Substitution	Missense BRAF S507L	4 / 259,1.54%	4 / 14,783	VEP: MODERATE, SIFT: deleterious - score 0.02, PolyPhen: possibly_damaging - score 0.547	add to survival plot
chr7:g.140781603C>T	Substitution	Missense BRAF G509R	3 / 259,1.16%	5 / 14,783	VEP: MODERATE, SIFT: deleterious - score 0, PolyPhen: probably_damaging - score 0.959	add to survival plot
chr7:g.140753336A>C	Substitution	Missense BRAF V640G	3 / 259,1.16%	5 / 14,783	VEP: MODERATE, SIFT: deleterious - score 0.03, PolyPhen: probably_damaging - score 0.971	add to survival plot
chr7:g.140753335C>T	Substitution	Synonymous BRAF V640=	3 / 259,1.16%	5 / 14,783	VEP: LOW	add to survival plot
chr7:g.140734725G>A	Substitution	Missense BRAF H765Y	2 / 259,0.77%	3 / 14,783	VEP: MODERATE, SIFT: deleterious - score 0, PolyPhen: probably_damaging - score 0.998	add to survival plot
chr7:g.140753355C>T	Substitution	Missense BRAF D634N	1 / 259,0.39%	18 / 14,783	VEP: MODERATE, SIFT: deleterious - score 0, PolyPhen: benign - score 0.267	add to survival plot
chr7:g.140753334delTCA	Deletion	Inframe Deletion BRAF V640_K641...	1 / 259,0.39%	1 / 14,783	VEP: MODERATE	add to survival plot
chr7:g.140794413G>A	Substitution	Synonymous BRAF P345=	1 / 259,0.39%	1 / 14,783	VEP: LOW	add to survival plot
chr7:g.140794359G>A	Substitution	Synonymous BRAF S363=	1 / 259,0.39%	1 / 14,783	VEP: LOW	add to survival plot
chr7:g.140778053C>A	Substitution	Missense BRAF L525F	1 / 259,0.39%	1 / 14,783	VEP: MODERATE, SIFT: deleterious - score 0, PolyPhen: probably_damaging - score 0.91	add to survival plot
chr7:g.140754208G>A	Substitution	Missense BRAF H614Y	1 / 259,0.39%	1 / 14,783	VEP: MODERATE, SIFT: deleterious - score 0, PolyPhen: possibly_damaging - score 0.844	add to survival plot
chr7:g.140753393T>C	Substitution	Missense BRAF N621S	1 / 259,0.39%	9 / 14,783	VEP: MODERATE, SIFT: deleterious - score 0.04, PolyPhen: benign - score 0.003	add to survival plot
chr7:g.140800389G>A	Substitution	Missense BRAF P318L	1 / 259,0.39%	1 / 14,783	VEP: MODERATE, SIFT: tolerated - score 0.22, PolyPhen: benign - score 0.003	add to survival plot
chr7:g.140734722G>A	Substitution	Missense BRAF R766C	1 / 259,0.39%	1 / 14,783	VEP: MODERATE, SIFT: deleterious - score 0, PolyPhen: probably_damaging - score 0.999	add to survival plot
chr7:g.140794349G>A	Substitution	Missense BRAF P367S	1 / 259,0.39%	1 / 14,783	VEP: MODERATE, SIFT: deleterious - score 0, PolyPhen: probably_damaging - score 0.999	add to survival plot
chr7:g.140753345A>T	Substitution	Missense BRAF L637Q	1 / 259,0.39%	2 / 14,783	VEP: MODERATE, SIFT: deleterious - score 0, PolyPhen: possibly_damaging - score 0.852	add to survival plot
chr7:g.140807969T>A	Substitution	Synonymous BRAF T234=	1 / 259,0.39%	1 / 14,783	VEP: LOW	add to survival plot
chr7:g.140794406G>T	Substitution	Missense BRAF P348T	1 / 259,0.39%	1 / 14,783	VEP: MODERATE, SIFT: tolerated - score 0.17, PolyPhen: benign - score 0.419	add to survival plot
chr7:g.140808953T>C	Substitution	Missense BRAF K183E	1 / 259,0.39%	1 / 14,783	VEP: MODERATE, SIFT: deleterious - score 0, PolyPhen: possibly_damaging - score 0.714	add to survival plot
chr7:g.140753393T>G	Substitution	Missense BRAF N621T	1 / 259,0.39%	1 / 14,783	VEP: MODERATE, SIFT: deleterious - score 0, PolyPhen: benign - score 0.186	add to survival plot
chr7:g.140739856C>T	Substitution	Missense BRAF E735K	1 / 259,0.39%	1 / 14,783	VEP: MODERATE, SIFT: deleterious - score 0, PolyPhen: benign - score 0.244	add to survival plot
chr7:g.140800390G>A	Substitution	Missense BRAF P318S	1 / 259,0.39%	1 / 14,783	VEP: MODERATE, SIFT: tolerated - score 0.26, PolyPhen: benign - score 0.003	add to survival plot
chr7:g.140754231T>C	Substitution	Missense BRAF Y606C	1 / 259,0.39%	1 / 14,783	VEP: MODERATE, SIFT: deleterious - score 0, PolyPhen: probably_damaging - score 0.942	add to survival plot
chr7:g.140781602C>T	Substitution	Missense BRAF G509E	1 / 259,0.39%	2 / 14,783	VEP: MODERATE, SIFT: deleterious - score 0, PolyPhen: probably_damaging - score 0.998	add to survival plot
chr7:g.140778037delTAGGTGCTâ€¦	Deletion	Inframe Deletion BRAF N526_P530del	1 / 259,0.39%	2 / 14,783	VEP: MODERATE	add to survival plot
chr7:g.140781601T>A	Substitution	Synonymous BRAF G509=	1 / 259,0.39%	1 / 14,783	VEP: LOW	add to survival plot
chr7:g.140753338T>G	Substitution	Synonymous BRAF T639=	1 / 259,0.39%	1 / 14,783	VEP: LOW	add to survival plot
chr7:g.140807968G>A	Substitution	Missense BRAF H235Y	1 / 259,0.39%	1 / 14,783	VEP: MODERATE, SIFT: deleterious - score 0, PolyPhen: possibly_damaging - score 0.583	add to survival plot
chr7:g.140778054A>T	Substitution	Stop Gained BRAF L525*	1 / 259,0.39%	1 / 14,783	VEP: HIGH	add to survival plot
chr7:g.140734723G>A	Substitution	Synonymous BRAF H765=	1 / 259,0.39%	1 / 14,783	VEP: LOW	add to survival plot